Статистик үзүүлэлт,Статистик үзүүлэлт,Эдийн засгийн үйл ажиллагааны салбарын ангилал,1990,1991,1992,1993,1994,1995,1996,1997,1998,1999,2000,2001,2002,2003,2004,2005,2006,2007,2008,2009,2010,2011,2012,2013,2014,2015,2016,2017,2018,2019
"        ДНБ, оны үнээр","GDP, annually",Бүгд,"12,803.9","22,600.7","56,130.3","227,677.4","382,103.2","651,455.7","737,996.6","932,926.2","945,461.2","1,080,532.0","1,224,062.1","1,391,878.2","1,550,609.9","1,829,072.2","2,361,156.9","3,041,405.7","4,027,558.6","4,956,647.2","6,555,569.4","6,590,637.1","9,756,588.4","13,173,763.4","16,688,419.6","19,174,242.6","22,227,054.3","23,150,385.6","23,942,866.4","27,876,297.2","32,411,224.1","37,280,841.4"
"        ДНБ, оны үнээр","GDP, annually","Хөдөө аж ахуй, ойн аж ахуй, загас барилт, ан агнуур","1,597.1","2,669.5","14,345.3","58,534.4","105,012.0","212,002.1","283,959.0","300,746.3","306,644.9","342,505.2","335,668.8","319,698.9","293,361.8","337,272.1","472,934.5","602,136.3","710,609.2","913,409.2","1,259,660.8","1,177,380.3","1,144,697.9","1,357,866.8","1,878,786.4","2,572,044.9","2,965,360.5","3,091,999.1","2,798,772.6","2,865,391.3","3,495,732.5","4,026,562.8"
"        ДНБ, оны үнээр","GDP, annually","Уул уурхай, олборлолт","1,599.3","2,359.8","6,411.2","22,747.9","39,348.4","73,841.5","76,197.8","132,390.3","81,274.1","94,909.3","132,400.1","117,076.1","144,753.7","206,557.8","391,597.6","642,089.0","1,145,733.9","1,340,854.4","1,324,247.7","1,285,899.7","2,102,157.9","2,536,239.6","2,742,750.5","2,849,415.3","3,661,031.2","3,955,963.0","4,817,296.4","6,543,376.7","7,721,008.9","8,642,609.9"
"        ДНБ, оны үнээр","GDP, annually",Боловсруулах үйлдвэрлэл,"2,608.0","3,834.6","10,435.6","37,075.4","64,103.8","112,581.0","56,653.9","78,899.9","66,930.0","75,925.8","82,040.8","114,828.1","99,138.6","121,551.5","130,576.3","175,155.9","218,885.6","309,500.4","430,179.4","425,000.6","664,815.3","931,377.5","1,248,666.3","1,672,313.0","1,950,933.7","1,768,221.5","1,753,661.0","2,516,329.3","3,063,612.0","3,508,468.4"
"        ДНБ, оны үнээр","GDP, annually","Цахилгаан, хий, уур, агааржуулалт",284.6,418.5,"1,138.9","4,046.1","6,995.8","12,286.2","14,216.1","24,790.9","31,923.8","32,387.3","25,487.1","36,283.2","52,423.7","53,680.6","65,426.1","75,928.2","92,897.2","97,309.1","119,968.0","157,422.9","190,211.6","212,394.1","233,858.6","270,514.2","313,587.1","379,866.7","469,135.4","477,997.9","546,826.7","609,660.4"
"        ДНБ, оны үнээр","GDP, annually","Усан хангамж; бохир ус, хог, хаягдлын менежмент болон цэвэрлэх үйл ажиллагаа",49.6,75.2,201.6,708.0,"1,228.9","2,170.7","2,505.2","4,346.9","5,496.4","5,622.6","4,511.6","6,478.2","9,474.1","9,817.5","11,968.1","13,768.9","14,058.4","16,294.7","26,015.0","26,356.8","31,210.6","44,994.4","72,529.7","77,534.0","86,481.1","103,956.1","122,948.3","124,867.6","135,512.4","163,941.3"
"        ДНБ, оны үнээр","GDP, annually",Барилга,735.6,"1,072.2","1,285.1","3,821.8","8,386.7","13,088.6","24,992.6","25,687.1","28,095.8","32,159.5","27,254.9","30,738.6","42,858.8","69,683.8","69,429.0","81,408.4","86,792.3","106,421.1","122,051.0","86,238.7","250,230.7","402,828.3","837,487.5","979,689.0","988,960.7","977,999.2","949,053.0","1,029,776.9","1,191,064.4","1,411,043.4"
"        ДНБ, оны үнээр","GDP, annually","Бөөний болон жижиглэн худалдаа, машин, мотоциклийн засвар, үйлчилгээ","2,090.5","3,774.9","5,819.3","36,320.7","43,338.8","59,632.7","69,525.3","96,650.6","110,681.2","112,438.5","115,903.1","129,544.7","162,803.4","185,210.8","202,639.9","227,478.2","271,511.6","313,204.4","472,226.5","432,646.2","1,199,007.2","1,973,260.4","2,231,148.5","2,267,231.1","2,544,761.3","2,670,254.4","2,646,609.6","2,875,573.2","3,025,294.6","3,547,228.2"
"        ДНБ, оны үнээр","GDP, annually",Тээвэр ба агуулахын үйл ажиллагаа,"1,044.8","1,057.9","2,140.0","11,467.0","24,327.5","29,924.3","40,001.1","53,652.1","64,110.6","70,804.3","92,556.5","118,884.9","149,765.4","166,101.2","198,897.0","256,726.4","287,501.5","322,307.0","419,323.2","546,745.5","677,906.2","802,897.1","894,427.6","843,617.4","1,109,154.6","1,210,594.9","1,239,442.6","1,370,368.1","1,516,685.7","1,732,633.3"
"        ДНБ, оны үнээр","GDP, annually","Зочид буудал, байр, сууц болон нийтийн хоолны үйлчилгээ",66.4,182.9,386.4,"1,067.0","2,019.6","3,997.6","6,024.9","9,039.3","9,879.5","12,702.3","10,766.8","11,275.1","12,085.5","12,633.1","15,024.0","19,341.7","22,994.3","28,806.4","38,971.4","43,680.8","52,631.0","94,304.6","186,231.8","205,536.5","196,564.8","215,806.2","241,767.2","266,641.3","321,289.3","399,338.0"
"        ДНБ, оны үнээр","GDP, annually","Мэдээлэл, холбоо",381.7,397.5,811.0,"4,232.0","8,929.7","11,366.3","15,080.7","20,394.5","24,198.9","26,790.7","34,563.9","44,550.0","56,627.7","62,869.2","75,269.9","96,261.1","100,502.0","166,189.0","221,339.0","215,504.0","255,691.2","290,259.9","379,560.9","413,946.4","492,124.3","496,609.4","489,308.6","489,843.3","553,519.4","648,522.8"
"        ДНБ, оны үнээр","GDP, annually",Санхүүгийн болон даатгалын үйл ажиллагаа,142.1,391.6,827.3,"2,284.7","4,324.3","8,559.6","14,234.4","17,164.0","17,020.3","26,252.0","30,754.4","42,534.7","49,892.1","74,166.0","97,562.5","112,278.8","116,016.0","155,198.1","236,327.4","212,724.0","239,607.2","381,098.0","583,528.6","782,311.6","1,041,781.8","1,239,660.8","1,224,335.9","1,417,519.9","1,559,084.7","1,802,441.8"
"        ДНБ, оны үнээр","GDP, annually",Үл хөдлөх хөрөнгийн үйл ажиллагаа,810.8,"1,495.5","3,381.5","12,020.5","20,376.9","13,151.8","15,848.2","19,573.7","23,254.0","35,839.0","48,907.1","83,370.3","113,957.5","125,910.9","137,681.2","160,522.7","173,846.0","186,823.5","345,984.2","479,635.3","687,697.6","884,158.2","957,312.6","1,162,261.2","1,495,080.1","1,586,277.7","1,639,977.0","1,660,290.0","1,825,117.0","1,934,163.7"
"        ДНБ, оны үнээр","GDP, annually","Мэргэжлийн, шинжлэх ухаан болон техникийн үйл ажиллагаа",11.0,30.4,64.1,177.1,335.3,"4,050.7","5,412.3","7,036.8","8,436.5","9,788.5","10,632.1","11,253.9","12,684.5","14,026.8","15,473.6","18,024.5","27,697.3","36,068.4","76,694.6","65,655.8","132,327.3","216,174.5","424,234.5","446,816.2","504,404.5","507,777.4","427,299.7","404,542.8","427,641.8","545,589.9"
"        ДНБ, оны үнээр","GDP, annually",Удирдлагын болон дэмжлэг үзүүлэх үйл ажиллагаа,87.8,95.4,193.8,982.7,"2,071.3","5,298.7","7,141.7","9,513.1","11,396.4","13,013.2","15,431.2","18,010.9","21,571.4","23,884.6","27,507.9","34,071.1","33,805.6","51,218.0","98,499.8","88,804.4","81,131.4","71,192.8","177,601.3","213,439.1","210,585.1","218,131.3","214,164.0","239,716.3","265,903.0","317,141.0"
"        ДНБ, оны үнээр","GDP, annually","Төрийн удирдлага ба батлан хамгаалах үйл ажиллагаа, албан журмын нийгмийн хамгаалал",283.5,781.0,"1,649.9","4,556.5","8,624.3","17,071.2","18,746.5","21,222.9","30,965.7","34,038.0","47,206.8","48,078.6","46,017.0","50,485.2","58,190.6","66,923.1","117,236.4","141,514.3","247,723.6","267,246.3","425,350.3","515,326.4","699,143.0","788,848.0","907,187.6","1,059,659.0","1,118,379.1","1,171,849.8","1,223,064.6","1,406,989.8"
"        ДНБ, оны үнээр","GDP, annually",Боловсрол,357.6,985.2,"2,081.3","5,748.1","10,879.7","21,535.6","22,923.2","23,231.2","28,567.2","35,096.2","48,384.3","51,284.0","58,721.5","67,440.5","66,952.3","86,528.6","122,529.6","170,563.4","272,562.3","312,138.4","379,845.3","503,147.4","744,985.1","854,596.2","996,010.5","1,013,979.1","1,042,952.2","1,115,188.7","1,190,683.5","1,534,160.3"
"        ДНБ, оны үнээр","GDP, annually",Хүний эрүүл мэнд ба нийгмийн үйл ажиллагаа,241.9,666.6,"1,408.2","3,889.1","7,361.1","14,570.8","16,487.7","16,714.8","19,679.2","18,992.5","18,893.3","20,174.9","22,389.8","25,173.3","32,606.4","37,516.9","50,752.6","72,616.0","119,817.4","123,042.0","167,227.9","193,160.3","316,964.9","359,094.3","412,347.1","473,140.2","481,636.1","490,448.8","558,429.7","728,098.4"
"        ДНБ, оны үнээр","GDP, annually","Урлаг, үзвэр, тоглоом, наадам",9.8,27.1,57.2,158.1,299.2,592.2,959.3,"1,639.2","1,712.6","1,953.0","1,910.1","3,025.7","5,264.1","5,930.5","7,314.9","7,744.5","10,206.0","12,980.0","23,211.4","27,876.2","32,037.1","39,526.4","87,023.2","87,184.1","98,102.3","106,724.1","106,173.2","112,054.1","113,163.7","135,631.0"
"        ДНБ, оны үнээр","GDP, annually",Үйлчилгээний бусад үйл ажиллагаа,20.3,55.6,117.2,326.7,614.4,"1,212.1","1,959.1","3,344.2","3,495.5","3,983.9","3,897.4","6,165.1","10,716.2","12,073.1","14,887.4","15,763.7","18,729.2","23,503.6","27,950.0","24,871.5","44,442.7","67,233.5","137,760.7","149,276.6","177,269.2","188,081.9","169,220.8","164,492.8","159,117.1","173,973.0"
"        ДНБ, оны үнээр","GDP, annually",Бүтээгдэхүүний цэвэр татвар,381.5,"2,229.3","3,375.4","17,513.5","23,525.4","34,522.1","45,127.8","66,888.4","71,698.7","95,330.1","136,891.8","178,622.2","186,103.1","204,603.7","269,217.9","311,737.9","405,253.9","491,866.0","672,817.0","591,767.8","998,362.0","1,656,323.2","1,854,417.9","2,178,573.3","2,075,326.7","1,885,683.7","1,990,733.7","2,540,028.3","3,518,472.9","4,012,643.7"
"        ДНБ, 2005 оны зэрэгцүүлэх үнээр","GDP, 2005 constant",Бүгд,"2,227,310.7","2,033,678.5","1,845,431.7","1,786,953.8","1,825,094.3","1,941,470.1","1,984,863.8","2,062,208.2","2,131,084.7","2,196,516.8","2,221,690.3","2,287,290.3","2,395,547.3","2,563,346.6","2,835,712.6","3,041,405.7","3,301,635.6","3,639,987.7","3,963,960.0","3,913,673.2","4,162,784.9","4,891,840.4","5,498,482.4","6,144,175.3",NaN,NaN,NaN,NaN,NaN,NaN
"        ДНБ, 2005 оны зэрэгцүүлэх үнээр","GDP, 2005 constant","Хөдөө аж ахуй, ойн аж ахуй, загас барилт, ан агнуур","716,402.9","645,638.2","631,801.9","626,557.1","638,164.8","639,698.4","653,202.7","682,173.7","717,379.2","737,917.0","617,417.5","499,180.3","444,311.4","465,567.8","541,123.2","602,136.3","641,462.4","734,097.9","768,399.4","796,318.3","664,150.1","660,682.7","803,190.7","911,314.4",NaN,NaN,NaN,NaN,NaN,NaN
"        ДНБ, 2005 оны зэрэгцүүлэх үнээр","GDP, 2005 constant","Уул уурхай, олборлолт",NaN,NaN,NaN,NaN,NaN,"355,553.9","369,258.9","389,940.4","404,619.6","412,841.0","433,109.8","469,775.5","443,101.7","438,979.5","572,972.8","642,089.0","676,172.1","683,848.5","672,649.2","711,478.9","736,944.1","791,019.7","854,537.7","1,031,197.5",NaN,NaN,NaN,NaN,NaN,NaN
"        ДНБ, 2005 оны зэрэгцүүлэх үнээр","GDP, 2005 constant",Боловсруулах үйлдвэрлэл,"589,834.9","509,651.9","483,886.6","450,187.0","457,768.9","166,862.9","140,791.4","121,529.1","124,028.6","118,591.6","114,258.9","156,121.6","195,472.0","223,988.1","216,521.4","175,155.9","196,710.9","250,807.8","257,538.2","234,276.8","248,573.0","269,176.8","294,539.4","314,582.0",NaN,NaN,NaN,NaN,NaN,NaN
"        ДНБ, 2005 оны зэрэгцүүлэх үнээр","GDP, 2005 constant","Цахилгаан, хий, уур, агааржуулалт",NaN,NaN,NaN,NaN,NaN,"63,669.9","63,163.8","63,544.9","64,699.2","66,796.7","66,751.8","68,092.4","71,287.7","72,087.6","75,140.4","75,928.2","78,619.2","83,531.6","90,303.7","96,023.7","96,144.1","103,804.1","108,944.5","114,227.3",NaN,NaN,NaN,NaN,NaN,NaN
"        ДНБ, 2005 оны зэрэгцүүлэх үнээр","GDP, 2005 constant","Усан хангамж; бохир ус, хог, хаягдлын менежмент болон цэвэрлэх үйл ажиллагаа",NaN,NaN,NaN,NaN,NaN,"10,932.2","10,829.3","10,915.4","11,133.5","11,459.5","11,562.4","12,010.7","12,785.4","12,988.6","13,616.7","13,768.9","14,290.4","15,219.4","16,539.3","17,333.8","16,640.1","18,533.3","17,675.5","19,596.1",NaN,NaN,NaN,NaN,NaN,NaN
"        ДНБ, 2005 оны зэрэгцүүлэх үнээр","GDP, 2005 constant",Барилга,"95,008.2","73,725.5","43,693.7","37,439.1","41,031.3","43,480.2","44,063.3","42,948.6","41,914.7","41,954.9","35,649.0","39,779.9","48,926.4","74,765.9","70,096.4","81,408.4","84,753.4","90,895.4","78,397.1","51,716.6","60,225.6","81,693.8","113,504.1","188,972.1",NaN,NaN,NaN,NaN,NaN,NaN
"        ДНБ, 2005 оны зэрэгцүүлэх үнээр","GDP, 2005 constant","Бөөний болон жижиглэн худалдаа, машин, мотоциклийн засвар, үйлчилгээ","189,094.8","154,207.3","120,211.5","128,431.1","127,351.4","115,657.0","114,454.4","134,214.6","129,513.4","128,321.1","158,917.7","167,517.2","212,196.6","231,312.1","220,763.2","227,478.2","259,916.6","274,253.4","315,490.3","278,185.3","387,486.2","535,791.0","667,517.5","781,175.9",NaN,NaN,NaN,NaN,NaN,NaN
"        ДНБ, 2005 оны зэрэгцүүлэх үнээр","GDP, 2005 constant",Тээвэр ба агуулахын үйл ажиллагаа,"286,674.9","258,357.8","158,088.2","132,792.1","125,500.6","85,005.4","92,822.3","97,221.4","104,065.2","104,220.3","125,470.9","142,412.3","168,533.9","192,109.1","208,462.1","256,726.4","285,055.3","356,819.6","425,540.7","459,404.4","491,459.4","536,335.3","584,959.5","575,709.7",NaN,NaN,NaN,NaN,NaN,NaN
"        ДНБ, 2005 оны зэрэгцүүлэх үнээр","GDP, 2005 constant","Зочид буудал, байр, сууц болон нийтийн хоолны үйлчилгээ",NaN,NaN,NaN,NaN,NaN,"12,143.3","12,698.6","12,778.4","12,803.9","13,729.5","15,243.8","14,161.0","14,800.9","14,708.2","16,490.7","19,341.7","21,051.6","24,150.3","25,539.8","24,669.4","23,307.0","41,525.1","52,196.5","53,795.9",NaN,NaN,NaN,NaN,NaN,NaN
"        ДНБ, 2005 оны зэрэгцүүлэх үнээр","GDP, 2005 constant","Мэдээлэл, холбоо",NaN,NaN,NaN,NaN,NaN,"32,702.5","35,427.2","37,079.6","39,606.3","39,633.1","47,486.2","54,125.7","64,151.1","72,783.1","78,963.8","96,261.1","106,602.4","132,439.7","157,640.1","169,469.7","180,325.1","189,726.3","202,360.2","219,048.0",NaN,NaN,NaN,NaN,NaN,NaN
"        ДНБ, 2005 оны зэрэгцүүлэх үнээр","GDP, 2005 constant",Санхүүгийн болон даатгалын үйл ажиллагаа,NaN,NaN,NaN,NaN,NaN,"44,804.1","62,142.3","46,217.3","31,019.6","42,038.9","44,342.1","53,777.1","60,867.7","87,564.8","104,482.9","112,278.8","108,856.6","130,038.2","169,610.9","143,092.9","143,563.3","198,795.8","277,035.3","353,502.0",NaN,NaN,NaN,NaN,NaN,NaN
"        ДНБ, 2005 оны зэрэгцүүлэх үнээр","GDP, 2005 constant",Үл хөдлөх хөрөнгийн үйл ажиллагаа,"124,042.4","123,422.2","123,446.1","122,299.3","121,654.2","122,801.0","124,025.5","128,329.9","130,301.1","131,717.9","134,350.9","138,290.7","144,632.1","150,756.9","155,552.1","160,522.7","166,987.1","166,500.6","180,334.4","195,502.6","195,850.6","204,881.7","220,469.6","231,317.0",NaN,NaN,NaN,NaN,NaN,NaN
"        ДНБ, 2005 оны зэрэгцүүлэх үнээр","GDP, 2005 constant","Мэргэжлийн, шинжлэх ухаан болон техникийн үйл ажиллагаа",NaN,NaN,NaN,NaN,NaN,"6,167.0","6,360.4","6,402.4","6,768.9","6,396.0","6,803.2","7,395.5","10,115.8","12,659.1","12,804.9","18,024.5","19,152.1","16,835.4","27,355.3","30,391.8","41,916.8","46,545.3","47,374.7","49,546.8",NaN,NaN,NaN,NaN,NaN,NaN
"        ДНБ, 2005 оны зэрэгцүүлэх үнээр","GDP, 2005 constant",Удирдлагын болон дэмжлэг үзүүлэх үйл ажиллагаа,NaN,NaN,NaN,NaN,NaN,"11,021.1","11,782.1","12,146.3","12,978.5","12,686.3","14,721.0","16,529.7","20,750.6","24,677.5","26,099.7","34,071.1","37,174.8","41,049.4","54,818.8","59,911.0","52,767.7","67,472.0","90,754.8","104,461.9",NaN,NaN,NaN,NaN,NaN,NaN
"        ДНБ, 2005 оны зэрэгцүүлэх үнээр","GDP, 2005 constant","Төрийн удирдлага ба батлан хамгаалах үйл ажиллагаа, албан журмын нийгмийн хамгаалал","226,092.8","268,063.7","282,747.8","283,333.8","300,103.6","66,110.8","67,314.3","69,414.2","69,242.0","67,405.9","68,499.6","64,260.6","64,892.5","63,344.6","64,612.8","66,923.1","66,605.6","68,845.0","70,979.8","75,588.6","76,079.9","69,308.8","72,982.2","76,757.1",NaN,NaN,NaN,NaN,NaN,NaN
"        ДНБ, 2005 оны зэрэгцүүлэх үнээр","GDP, 2005 constant",Боловсрол,NaN,NaN,NaN,NaN,NaN,"83,579.3","85,908.9","90,121.4","95,657.2","100,046.4","101,513.4","103,486.7","107,961.3","100,505.1","90,900.6","86,528.6","89,529.7","90,357.5","96,087.4","100,168.8","99,089.4","100,752.2","102,230.4","102,841.8",NaN,NaN,NaN,NaN,NaN,NaN
"        ДНБ, 2005 оны зэрэгцүүлэх үнээр","GDP, 2005 constant",Хүний эрүүл мэнд ба нийгмийн үйл ажиллагаа,NaN,NaN,NaN,NaN,NaN,"32,695.6","33,706.7","34,805.1","35,144.0","35,691.4","35,455.7","36,350.1","37,342.0","36,024.2","36,359.5","37,516.9","40,641.1","44,476.2","46,581.0","47,910.3","50,138.4","45,365.5","46,684.6","47,957.0",NaN,NaN,NaN,NaN,NaN,NaN
"        ДНБ, 2005 оны зэрэгцүүлэх үнээр","GDP, 2005 constant","Урлаг, үзвэр, тоглоом, наадам",NaN,NaN,NaN,NaN,NaN,"3,115.2","3,107.9","3,323.1","3,488.3","3,453.6","4,062.6","5,138.3","6,378.6","6,660.3","7,432.6","7,744.5","8,134.1","8,660.7","9,882.0","9,315.0","11,475.0","9,912.7","14,694.0","19,806.2",NaN,NaN,NaN,NaN,NaN,NaN
"        ДНБ, 2005 оны зэрэгцүүлэх үнээр","GDP, 2005 constant",Үйлчилгээний бусад үйл ажиллагаа,NaN,NaN,NaN,NaN,NaN,"6,344.6","6,329.7","6,769.8","7,104.5","7,033.9","8,275.6","10,461.5","12,987.4","13,562.5","15,129.3","15,763.7","16,560.1","17,631.8","20,118.5","18,961.2","16,719.6","20,366.7","24,118.3","26,615.1",NaN,NaN,NaN,NaN,NaN,NaN
"        ДНБ, 2005 оны зэрэгцүүлэх үнээр","GDP, 2005 constant",Бүтээгдэхүүний цэвэр татвар,159.9,611.9,"1,556.0","5,914.3","13,519.5","39,125.6","47,474.2","72,332.8","89,616.9","114,581.9","177,798.3","228,423.4","254,052.1","268,301.8","308,187.4","311,737.9","383,359.9","409,529.3","480,154.2","393,954.1","569,929.4","900,151.5","902,712.9","921,751.4",NaN,NaN,NaN,NaN,NaN,NaN
"        ДНБ, 2010 оны зэрэгцүүлэх үнээр","GDP, 2010 constant",Бүгд,NaN,NaN,NaN,NaN,NaN,NaN,NaN,NaN,NaN,NaN,NaN,NaN,NaN,NaN,NaN,NaN,NaN,NaN,NaN,NaN,"9,756,588.4","11,443,578.4","12,853,406.6","14,350,689.2","15,482,273.4","15,850,726.1","16,035,924.9","16,891,768.3","18,115,852.2","19,050,461.8"
"        ДНБ, 2010 оны зэрэгцүүлэх үнээр","GDP, 2010 constant","Хөдөө аж ахуй, ойн аж ахуй, загас барилт, ан агнуур",NaN,NaN,NaN,NaN,NaN,NaN,NaN,NaN,NaN,NaN,NaN,NaN,NaN,NaN,NaN,NaN,NaN,NaN,NaN,NaN,"1,144,697.9","1,141,074.1","1,381,284.7","1,646,183.5","1,871,396.9","2,071,966.1","2,200,717.1","2,240,489.0","2,340,627.9","2,537,907.4"
"        ДНБ, 2010 оны зэрэгцүүлэх үнээр","GDP, 2010 constant","Уул уурхай, олборлолт",NaN,NaN,NaN,NaN,NaN,NaN,NaN,NaN,NaN,NaN,NaN,NaN,NaN,NaN,NaN,NaN,NaN,NaN,NaN,NaN,"2,102,157.9","2,263,685.0","2,452,170.4","2,905,821.9","3,469,332.6","3,957,728.1","3,964,083.8","3,745,574.8","3,972,871.3","3,956,432.5"
"        ДНБ, 2010 оны зэрэгцүүлэх үнээр","GDP, 2010 constant",Боловсруулах үйлдвэрлэл,NaN,NaN,NaN,NaN,NaN,NaN,NaN,NaN,NaN,NaN,NaN,NaN,NaN,NaN,NaN,NaN,NaN,NaN,NaN,NaN,"664,815.3","717,050.9","779,721.8","859,681.2","895,656.4","919,390.6","912,052.7","1,093,301.5","1,264,516.1","1,402,246.3"
"        ДНБ, 2010 оны зэрэгцүүлэх үнээр","GDP, 2010 constant","Цахилгаан, хий, уур, агааржуулалт",NaN,NaN,NaN,NaN,NaN,NaN,NaN,NaN,NaN,NaN,NaN,NaN,NaN,NaN,NaN,NaN,NaN,NaN,NaN,NaN,"190,211.6","203,113.3","213,226.6","224,762.8","238,597.3","249,342.5","254,216.0","268,151.4","290,225.4","307,296.7"
"        ДНБ, 2010 оны зэрэгцүүлэх үнээр","GDP, 2010 constant","Усан хангамж; бохир ус, хог, хаягдлын менежмент болон цэвэрлэх үйл ажиллагаа",NaN,NaN,NaN,NaN,NaN,NaN,NaN,NaN,NaN,NaN,NaN,NaN,NaN,NaN,NaN,NaN,NaN,NaN,NaN,NaN,"31,210.6","31,895.3","31,546.1","33,316.8","33,077.7","30,752.7","30,204.1","30,613.1","33,116.6","33,230.6"
"        ДНБ, 2010 оны зэрэгцүүлэх үнээр","GDP, 2010 constant",Барилга,NaN,NaN,NaN,NaN,NaN,NaN,NaN,NaN,NaN,NaN,NaN,NaN,NaN,NaN,NaN,NaN,NaN,NaN,NaN,NaN,"250,230.7","307,022.3","568,837.4","614,243.5","588,025.4","586,939.9","558,131.1","621,858.0","651,374.6","703,179.1"
"        ДНБ, 2010 оны зэрэгцүүлэх үнээр","GDP, 2010 constant","Бөөний болон жижиглэн худалдаа, машин, мотоциклийн засвар, үйлчилгээ",NaN,NaN,NaN,NaN,NaN,NaN,NaN,NaN,NaN,NaN,NaN,NaN,NaN,NaN,NaN,NaN,NaN,NaN,NaN,NaN,"1,199,007.2","1,755,361.6","1,965,556.9","2,139,600.0","2,191,308.8","2,014,386.4","1,961,906.7","2,095,325.9","2,141,158.0","2,310,400.8"
"        ДНБ, 2010 оны зэрэгцүүлэх үнээр","GDP, 2010 constant",Тээвэр ба агуулахын үйл ажиллагаа,NaN,NaN,NaN,NaN,NaN,NaN,NaN,NaN,NaN,NaN,NaN,NaN,NaN,NaN,NaN,NaN,NaN,NaN,NaN,NaN,"677,906.2","779,959.3","843,168.3","830,985.6","953,873.2","1,002,494.3","1,117,567.8","1,276,243.1","1,373,177.2","1,400,987.7"
"        ДНБ, 2010 оны зэрэгцүүлэх үнээр","GDP, 2010 constant","Зочид буудал, байр, сууц болон нийтийн хоолны үйлчилгээ",NaN,NaN,NaN,NaN,NaN,NaN,NaN,NaN,NaN,NaN,NaN,NaN,NaN,NaN,NaN,NaN,NaN,NaN,NaN,NaN,"52,631.0","66,691.1","75,799.7","79,564.6","70,932.8","73,258.5","74,351.2","81,564.0","91,000.9","95,073.6"
"        ДНБ, 2010 оны зэрэгцүүлэх үнээр","GDP, 2010 constant","Мэдээлэл, холбоо",NaN,NaN,NaN,NaN,NaN,NaN,NaN,NaN,NaN,NaN,NaN,NaN,NaN,NaN,NaN,NaN,NaN,NaN,NaN,NaN,"255,691.2","270,470.9","314,311.5","361,096.2","378,220.8","368,739.0","344,328.8","390,052.4","420,375.8","451,758.8"
"        ДНБ, 2010 оны зэрэгцүүлэх үнээр","GDP, 2010 constant",Санхүүгийн болон даатгалын үйл ажиллагаа,NaN,NaN,NaN,NaN,NaN,NaN,NaN,NaN,NaN,NaN,NaN,NaN,NaN,NaN,NaN,NaN,NaN,NaN,NaN,NaN,"239,607.2","357,442.1","509,020.8","666,031.1","883,263.8","1,011,836.8","1,035,154.4","1,128,919.1","1,190,647.3","1,313,308.5"
"        ДНБ, 2010 оны зэрэгцүүлэх үнээр","GDP, 2010 constant",Үл хөдлөх хөрөнгийн үйл ажиллагаа,NaN,NaN,NaN,NaN,NaN,NaN,NaN,NaN,NaN,NaN,NaN,NaN,NaN,NaN,NaN,NaN,NaN,NaN,NaN,NaN,"687,697.6","704,002.9","718,012.6","742,114.6","769,506.2","802,869.5","812,869.1","867,474.8","927,619.5","951,755.7"
"        ДНБ, 2010 оны зэрэгцүүлэх үнээр","GDP, 2010 constant","Мэргэжлийн, шинжлэх ухаан болон техникийн үйл ажиллагаа",NaN,NaN,NaN,NaN,NaN,NaN,NaN,NaN,NaN,NaN,NaN,NaN,NaN,NaN,NaN,NaN,NaN,NaN,NaN,NaN,"132,327.3","133,824.7","135,340.1","146,013.4","163,993.3","163,723.4","151,602.7","142,601.1","152,897.3","167,003.0"
"        ДНБ, 2010 оны зэрэгцүүлэх үнээр","GDP, 2010 constant",Удирдлагын болон дэмжлэг үзүүлэх үйл ажиллагаа,NaN,NaN,NaN,NaN,NaN,NaN,NaN,NaN,NaN,NaN,NaN,NaN,NaN,NaN,NaN,NaN,NaN,NaN,NaN,NaN,"81,131.4","82,570.6","84,320.2","87,608.7","88,427.8","90,871.2","91,018.1","99,671.4","103,651.4","107,319.5"
"        ДНБ, 2010 оны зэрэгцүүлэх үнээр","GDP, 2010 constant","Төрийн удирдлага ба батлан хамгаалах үйл ажиллагаа, албан журмын нийгмийн хамгаалал",NaN,NaN,NaN,NaN,NaN,NaN,NaN,NaN,NaN,NaN,NaN,NaN,NaN,NaN,NaN,NaN,NaN,NaN,NaN,NaN,"425,350.3","387,494.1","408,031.3","423,600.1","434,276.3","447,416.3","447,162.5","452,528.4","455,119.6","477,135.7"
"        ДНБ, 2010 оны зэрэгцүүлэх үнээр","GDP, 2010 constant",Боловсрол,NaN,NaN,NaN,NaN,NaN,NaN,NaN,NaN,NaN,NaN,NaN,NaN,NaN,NaN,NaN,NaN,NaN,NaN,NaN,NaN,"379,845.3","383,028.4","387,349.7","392,361.5","398,559.9","395,891.0","403,780.9","415,741.7","426,432.3","440,095.2"
"        ДНБ, 2010 оны зэрэгцүүлэх үнээр","GDP, 2010 constant",Хүний эрүүл мэнд ба нийгмийн үйл ажиллагаа,NaN,NaN,NaN,NaN,NaN,NaN,NaN,NaN,NaN,NaN,NaN,NaN,NaN,NaN,NaN,NaN,NaN,NaN,NaN,NaN,"167,227.9","151,617.5","154,856.1","166,606.9","182,261.8","185,739.5","185,634.2","189,346.8","194,282.3","202,226.9"
"        ДНБ, 2010 оны зэрэгцүүлэх үнээр","GDP, 2010 constant","Урлаг, үзвэр, тоглоом, наадам",NaN,NaN,NaN,NaN,NaN,NaN,NaN,NaN,NaN,NaN,NaN,NaN,NaN,NaN,NaN,NaN,NaN,NaN,NaN,NaN,"32,037.1","28,320.8","28,904.7","30,302.3","30,360.3","31,413.1","34,091.9","34,475.5","34,699.2","36,386.4"
"        ДНБ, 2010 оны зэрэгцүүлэх үнээр","GDP, 2010 constant",Үйлчилгээний бусад үйл ажиллагаа,NaN,NaN,NaN,NaN,NaN,NaN,NaN,NaN,NaN,NaN,NaN,NaN,NaN,NaN,NaN,NaN,NaN,NaN,NaN,NaN,"44,442.7","52,414.7","57,562.9","62,043.2","59,490.1","57,963.7","61,595.3","64,128.7","65,667.2","63,283.5"
"        ДНБ, 2010 оны зэрэгцүүлэх үнээр","GDP, 2010 constant",Бүтээгдэхүүний цэвэр татвар,NaN,NaN,NaN,NaN,NaN,NaN,NaN,NaN,NaN,NaN,NaN,NaN,NaN,NaN,NaN,NaN,NaN,NaN,NaN,NaN,"998,362.0","1,626,538.8","1,744,384.8","1,938,751.2","1,781,712.3","1,388,003.6","1,395,456.6","1,653,707.6","1,986,392.1","2,093,434.0"
"        Цэвэр өсөлт, бууралт",change,Бүгд,NaN,-8.7,-9.3,-3.2,2.1,6.4,2.2,3.9,3.3,3.1,1.1,3.0,4.7,7.0,10.6,7.3,8.6,10.2,8.9,-1.3,6.4,17.3,12.3,11.6,7.9,2.4,1.2,5.3,7.2,5.2
"        Цэвэр өсөлт, бууралт",change,"Хөдөө аж ахуй, ойн аж ахуй, загас барилт, ан агнуур",NaN,-9.9,-2.1,-0.8,1.9,0.2,2.1,4.4,5.2,2.9,-16.3,-19.2,-11.0,4.8,16.2,11.3,6.5,14.4,4.7,3.6,-16.6,-0.3,21.1,19.2,13.7,10.7,6.2,1.8,4.5,8.4
"        Цэвэр өсөлт, бууралт",change,"Уул уурхай, олборлолт",NaN,NaN,NaN,NaN,NaN,NaN,3.9,5.6,3.8,2.0,4.9,8.5,-5.7,-0.9,30.5,12.1,5.3,1.1,-1.6,5.8,3.6,7.7,8.3,18.5,19.4,14.1,0.2,-5.5,6.1,-0.4
"        Цэвэр өсөлт, бууралт",change,Боловсруулах үйлдвэрлэл,NaN,-13.6,-5.1,-7.0,1.7,-63.5,-15.6,-13.7,2.1,-4.4,-3.7,36.6,25.2,14.6,-3.3,-19.1,12.3,27.5,2.7,-9.0,6.1,7.9,8.7,10.3,4.2,2.6,-0.8,19.9,15.7,10.9
"        Цэвэр өсөлт, бууралт",change,"Цахилгаан, хий, уур, агааржуулалт",NaN,NaN,NaN,NaN,NaN,NaN,-0.8,0.6,1.8,3.2,-0.1,2.0,4.7,1.1,4.2,1.0,3.5,6.2,8.1,6.3,0.1,6.8,5.0,5.4,6.2,4.5,2.0,5.5,8.2,5.9
"        Цэвэр өсөлт, бууралт",change,"Усан хангамж; бохир ус, хог, хаягдлын менежмент болон цэвэрлэх үйл ажиллагаа",NaN,NaN,NaN,NaN,NaN,NaN,-0.9,0.8,2.0,2.9,0.9,3.9,6.5,1.6,4.8,1.1,3.8,6.5,8.7,4.8,-4.0,2.2,-1.1,5.6,-0.7,-7.0,-1.8,1.4,8.2,0.3
"        Цэвэр өсөлт, бууралт",change,Барилга,NaN,-22.4,-40.7,-14.3,9.6,6.0,1.3,-2.5,-2.4,0.1,-15.0,11.6,23.0,52.8,-6.2,16.1,4.1,7.2,-13.8,-34.0,16.5,22.7,85.3,8.0,-4.3,-0.2,-4.9,11.4,4.7,8.0
"        Цэвэр өсөлт, бууралт",change,"Бөөний болон жижиглэн худалдаа, машин, мотоциклийн засвар, үйлчилгээ",NaN,-18.4,-22.0,6.8,-0.8,-9.2,-1.0,17.3,-3.5,-0.9,23.8,5.4,26.7,9.0,-4.6,3.0,14.3,5.5,15.0,-11.8,39.3,46.4,12.0,8.9,2.4,-8.1,-2.6,6.8,2.2,7.9
"        Цэвэр өсөлт, бууралт",change,Тээвэр ба агуулахын үйл ажиллагаа,NaN,-9.9,-38.8,-16.0,-5.5,-32.3,9.2,4.7,7.0,0.1,20.4,13.5,18.3,14.0,8.5,23.2,11.0,25.2,19.3,8.0,7.0,15.1,8.1,-1.4,14.8,5.1,11.5,14.2,7.6,2.0
"        Цэвэр өсөлт, бууралт",change,"Зочид буудал, байр, сууц болон нийтийн хоолны үйлчилгээ",NaN,NaN,NaN,NaN,NaN,NaN,4.6,0.6,0.2,7.2,11.0,-7.1,4.5,-0.6,12.1,17.3,8.8,14.7,5.8,-3.4,-5.5,26.7,13.7,5.0,-10.8,3.3,1.5,9.7,11.6,4.5
"        Цэвэр өсөлт, бууралт",change,"Мэдээлэл, холбоо",NaN,NaN,NaN,NaN,NaN,NaN,8.3,4.7,6.8,0.1,19.8,14.0,18.5,13.5,8.5,21.9,10.7,24.2,19.0,7.5,6.4,5.8,16.2,14.9,4.7,-2.5,-6.6,13.3,7.8,7.5
"        Цэвэр өсөлт, бууралт",change,Санхүүгийн болон даатгалын үйл ажиллагаа,NaN,NaN,NaN,NaN,NaN,NaN,38.7,-25.6,-32.9,35.5,5.5,21.3,13.2,43.9,19.3,7.5,-3.0,19.5,30.4,-15.6,0.3,49.2,42.4,30.8,32.6,14.6,2.3,9.1,5.5,10.3
"        Цэвэр өсөлт, бууралт",change,Үл хөдлөх хөрөнгийн үйл ажиллагаа,NaN,-0.5,0.0,-0.9,-0.5,0.9,1.0,3.5,1.5,1.1,2.0,2.9,4.6,4.2,3.2,3.2,4.0,-0.3,8.3,8.4,0.2,2.4,2.0,3.4,3.7,4.3,1.2,6.7,6.9,2.6
"        Цэвэр өсөлт, бууралт",change,"Мэргэжлийн, шинжлэх ухаан болон техникийн үйл ажиллагаа",NaN,NaN,NaN,NaN,NaN,NaN,3.1,0.7,5.7,-5.5,6.4,8.7,36.8,25.1,1.2,40.8,6.3,-12.1,62.5,11.1,37.9,1.1,1.1,7.9,12.3,-0.2,-7.4,-5.9,7.2,9.2
"        Цэвэр өсөлт, бууралт",change,Удирдлагын болон дэмжлэг үзүүлэх үйл ажиллагаа,NaN,NaN,NaN,NaN,NaN,NaN,6.9,3.1,6.9,-2.3,16.0,12.3,25.5,18.9,5.8,30.5,9.1,10.4,33.5,9.3,-11.9,1.8,2.1,3.9,0.9,2.8,0.2,9.5,4.0,3.5
"        Цэвэр өсөлт, бууралт",change,"Төрийн удирдлага ба батлан хамгаалах үйл ажиллагаа, албан журмын нийгмийн хамгаалал",NaN,18.6,5.5,0.2,5.9,-78.0,1.8,3.1,-0.2,-2.7,1.6,-6.2,1.0,-2.4,2.0,3.6,-0.5,3.4,3.1,6.5,0.7,-8.9,5.3,3.8,2.5,3.0,-0.1,1.2,0.6,4.8
"        Цэвэр өсөлт, бууралт",change,Боловсрол,NaN,NaN,NaN,NaN,NaN,NaN,2.8,4.9,6.1,4.6,1.5,1.9,4.3,-6.9,-9.6,-4.8,3.5,0.9,6.3,4.2,-1.1,0.8,1.1,1.3,1.6,-0.7,2.0,3.0,2.6,3.2
"        Цэвэр өсөлт, бууралт",change,Хүний эрүүл мэнд ба нийгмийн үйл ажиллагаа,NaN,NaN,NaN,NaN,NaN,NaN,3.1,3.3,1.0,1.6,-0.7,2.5,2.7,-3.5,0.9,3.2,8.3,9.4,4.7,2.9,4.7,-9.3,2.1,7.6,9.4,1.9,-0.1,2.0,2.6,4.1
"        Цэвэр өсөлт, бууралт",change,"Урлаг, үзвэр, тоглоом, наадам",NaN,NaN,NaN,NaN,NaN,NaN,-0.2,6.9,5.0,-1.0,17.6,26.5,24.1,4.4,11.6,4.2,5.0,6.5,14.1,-5.7,23.2,-11.6,2.1,4.8,0.2,3.5,8.5,1.1,0.6,4.9
"        Цэвэр өсөлт, бууралт",change,Үйлчилгээний бусад үйл ажиллагаа,NaN,NaN,NaN,NaN,NaN,NaN,-0.2,7.0,4.9,-1.0,17.7,26.4,24.1,4.4,11.6,4.2,5.1,6.5,14.1,-5.8,-11.8,17.9,9.8,7.8,-4.1,-2.6,6.3,4.1,2.4,-3.6
"        Цэвэр өсөлт, бууралт",change,Бүтээгдэхүүний цэвэр татвар,NaN,282.7,154.3,280.1,128.6,189.4,21.3,52.4,23.9,27.9,55.2,28.5,11.2,5.6,14.9,1.2,23.0,6.8,17.2,-18.0,44.7,62.9,7.2,11.1,-8.1,-22.1,0.5,18.5,20.1,5.4