Shape_Leng,Shape_Area,ADM2_EN,ADM2_MN,ADM2_PCODE,ADM2_REF,ADM1_EN,ADM1_MN,ADM1_PCODE
3.01355428,0.388117314,Adaacag,Адаацаг,MN4804,,Dundgovi,Дундговь,MN48
4.36751274,0.860974149,Airag,Айраг,MN4404,,Dornogovi,Дорноговь,MN44
4.739815078,0.567036091,Alag-Erdene,Алаг-Эрдэнэ,MN6704,,Khovsgol,Хөвсгөл,MN67
6.001127734,0.857596022,Aldarxaan,Алдархаан,MN8104,,Zavkhan,Завхан,MN81
7.507774866,2.276333989,Altai,Алтай,MN8204,,Govi-Altai,Говь-Алтай,MN82
2.94248547,0.383758526,Altai,Алтай,MN8304,,Bayan-Olgii,Баян-Өлгий,MN83
5.665697635,1.516920017,Altai,Алтай,MN8404,,Khovd,Ховд,MN84
3.942456098,0.676665985,Altanbulag,Алтанбулаг,MN4104,,To'v,Төв,MN41
3.457148212,0.305336716,Altanbulag,Алтанбулаг,MN4304,,Selenge,Сэлэнгэ,MN43
2.749804491,0.221154521,Altanco'gc,Алтанцөгц,MN8307,Altancogc,Bayan-Olgii,Баян-Өлгий,MN83
4.302514122,0.824440583,Altanshiree,Алтанширээ,MN4407,,Dornogovi,Дорноговь,MN44
3.690525262,0.444904756,Arbulag,Арбулаг,MN6707,,Khovsgol,Хөвсгөл,MN67
2.068892946,0.135498513,Argalant,Аргалант,MN4107,,To'v,Төв,MN41
0.347749065,0.005725548,Arvaixeer,Арвайхээр,MN6201,,Ovorkhangai,Өвөрхангай,MN62
1.314599222,0.09826854,Arxust,Архуст,MN4110,,To'v,Төв,MN41
3.926229242,0.838917514,Asgat,Асгат,MN2204,,Sukhbaatar,Сүхбаатар,MN22
1.355407919,0.070398386,Asgat,Асгат,MN8107,,Zavkhan,Завхан,MN81
4.408333155,0.856843356,Baacagaan,Баацагаан,MN6404,,Bayankhongor,Баянхонгор,MN64
1.243814369,0.07501988,Baganuur,Багануур,MN1101,,Ulaanbaatar,Улаанбаатар,MN11
0.548679857,0.018624512,Bagaxangai,Багахангай,MN1104,,Ulaanbaatar,Улаанбаатар,MN11
0.35734281,0.006473686,Baruun-Urt,Баруун-Урт,MN2201,,Sukhbaatar,Сүхбаатар,MN22
2.578250676,0.452149363,Baruunbayan-Ulaan,Баруунбаян-Улаан,MN6204,,Ovorkhangai,Өвөрхангай,MN62
3.077902702,0.349735142,Baruunbu'ren,Баруунбүрэн,MN4307,Baruunburen,Selenge,Сэлэнгэ,MN43
3.353333547,0.402163155,Baruunturuun,Баруунтуруун,MN8504,,Uvs,Увс,MN85
2.908498183,0.301815137,Bat-O'lzii,Бат-Өлзий,MN6207,Bat-Olzii,Ovorkhangai,Өвөрхангай,MN62
3.067419016,0.421857984,Batcengel,Батцэнгэл,MN6504,,Arxangai,Архангай,MN65
3.455611027,0.598219113,Batnorov,Батноров,MN2304,,Hentii,Хэнтий,MN23
4.719141117,0.859123689,Batshireet,Батширээт,MN2307,,Hentii,Хэнтий,MN23
2.44628704,0.294303085,Batsu'mber,Батсүмбэр,MN4113,Batsumber,To'v,Төв,MN41
3.082006074,0.351690508,Bayan,Баян,MN4116,,To'v,Төв,MN41
2.870727757,0.367463865,Bayan-Adraga,Баян-Адарга,MN2310,,Hentii,Хэнтий,MN23
0.842794477,0.033632746,Bayan-O'ndor,Баян-Өндөр,MN6101,Bayan-Ondor,Orkhon,Орхон,MN61
2.874282532,0.381303967,Bayan-O'ndor,Баян-Өндөр,MN6213,Bayan-Ondor,Ovorkhangai,Өвөрхангай,MN62
7.137516814,1.901003399,Bayan-O'ndor,Баян-Өндөр,MN6419,Bayan-Ondor,Bayankhongor,Баянхонгор,MN64
3.502538406,0.567223436,Bayan-O'njuul,Баян-Өнжүүл,MN4125,Bayan-Onjuul,To'v,Төв,MN41
3.239113882,0.404935595,Bayan-Ovoo,Баян-Овоо,MN2316,,Hentii,Хэнтий,MN23
4.98109132,1.229204854,Bayan-Ovoo,Баян-Овоо,MN4607,,Omnogovi,Өмнөговь,MN46
2.877013228,0.3741579,Bayan-Ovoo,Баян-Овоо,MN6416,,Bayankhongor,Баянхонгор,MN64
4.040597494,0.692700079,Bayan-Uul,Баян-Уул,MN2110,,Dornod,Дорнод,MN21
4.72914123,0.691763928,Bayan-Uul,Баян-Уул,MN8207,,Govi-Altai,Говь-Алтай,MN82
2.919281891,0.380060699,Bayan agt,Баян-Агт,MN6304,,Bulgan,Булган,MN63
2.789954991,0.37189649,Bayanbulag,Баянбулаг,MN6407,,Bayankhongor,Баянхонгор,MN64
3.582214508,0.693045931,Bayancagaan,Баянцагаан,MN4131,,To'v,Төв,MN41
4.155069418,0.636424552,Bayancagaan,Баянцагаан,MN6422,,Bayankhongor,Баянхонгор,MN64
1.329251808,0.06879287,Bayanchandmani,Баянчандмань,MN4137,,To'v,Төв,MN41
2.352214021,0.183208796,Bayancogt,Баянцогт,MN4134,,To'v,Төв,MN41
5.330663077,1.178707238,Bayandalai,Баяндалай,MN4604,,Omnogovi,Өмнөговь,MN46
3.980854204,0.873727533,Bayandelger,Баяндэлгэр,MN2207,,Sukhbaatar,Сүхбаатар,MN22
3.787429151,0.255403639,Bayandelger,Баяндэлгэр,MN4119,,To'v,Төв,MN41
4.319139443,0.779482335,Bayandun,Баяндун,MN2104,,Dornod,Дорнод,MN21
0.353730217,0.002876311,Bayangol,Баянгол,MN1107,,Ulaanbaatar,Улаанбаатар,MN11
2.72883483,0.248347903,Bayangol,Баянгол,MN4310,,Selenge,Сэлэнгэ,MN43
2.895483951,0.405886813,Bayangol,Баянгол,MN6210,,Ovorkhangai,Өвөрхангай,MN62
3.495447192,0.530789202,Bayangovi,Баянговь,MN6410,,Bayankhongor,Баянхонгор,MN64
2.758002565,0.339509643,Bayanjargalan,Баянжаргалан,MN4122,,To'v,Төв,MN41
2.64274201,0.36790171,Bayanjargalan,Баянжаргалан,MN4807,,Dundgovi,Дундговь,MN48
4.760081768,1.346965554,Bayanlig,Баянлиг,MN6413,,Bayankhongor,Баянхонгор,MN64
2.407718835,0.301834655,Bayanmo'nx,Баянмөнх,MN2313,Bayanmonx,Hentii,Хэнтий,MN23
1.775182871,0.122032561,Bayannuur,Баяннуур,MN6307,,Bulgan,Булган,MN63
2.600648187,0.286112131,Bayannuur,Баяннуур,MN8310,,Bayan-Olgii,Баян-Өлгий,MN83
1.570176882,0.105301381,Bayantal,Баянтал,MN4204,,Govisumber,Говьсүмбэр,MN42
5.048698804,0.548869313,Bayantes,Баянтэс,MN8110,,Zavkhan,Завхан,MN81
7.181497198,1.011526076,Bayantu'men,Баянтүмэн,MN2107,Bayantumen,Dornod,Дорнод,MN21
3.627712078,0.321126255,Bayanxairxan,Баянхайрхан,MN8113,,Zavkhan,Завхан,MN81
1.983666361,0.120193076,Bayanxangai,Баянхангай,MN4128,,To'v,Төв,MN41
0.394245266,0.007547529,Bayanxongor,Баянхонгор,MN6401,,Bayankhongor,Баянхонгор,MN64
4.746869613,0.716884298,Bayanxutag,Баянхутаг,MN2319,,Hentii,Хэнтий,MN23
1.790731949,0.148176766,Bayanzu'rx,Баянзүрх,MN1110,Bayanzurx,Ulaanbaatar,Улаанбаатар,MN11
3.703740376,0.544954104,Bayanzu'rx,Баянзүрх,MN6710,Bayanzurx,Khovsgol,Хөвсгөл,MN67
2.922023189,0.443051401,Biger,Бигэр,MN8210,,Govi-Altai,Говь-Алтай,MN82
4.130131079,0.66140659,Binder,Биндэр,MN2322,,Hentii,Хэнтий,MN23
3.171410223,0.354610768,Bo'mbogor,Бөмбөгөр,MN6428,Bombogor,Bayankhongor,Баянхонгор,MN64
3.964790018,0.476716902,Bo'xmoron,Бөхмөрөн,MN8507,Boxmoron,Uvs,Увс,MN85
4.900031473,1.136789349,Bogd,Богд,MN6216,,Ovorkhangai,Өвөрхангай,MN62
4.192173196,0.453152072,Bogd,Богд,MN6425,,Bayankhongor,Баянхонгор,MN64
0.532503254,0.017471935,Bor-Ondor,Бор-Өндөр,MN2352,,Hentii,Хэнтий,MN23
1.860202723,0.13998501,Bornuur,Борнуур,MN4140,,To'v,Төв,MN41
2.44812133,0.305300148,Bu'rd,Бүрд,MN6219,Burd,Ovorkhangai,Өвөрхангай,MN62
3.709536098,0.423344989,Bu'regxangai,Бүрэгхангай,MN6313,Buregxangai,Bulgan,Булган,MN63
2.894727043,0.443729976,Bu'ren,Бүрэн,MN4143,Buren,To'v,Төв,MN41
5.496463167,0.472071252,Bu'rentogtox,Бүрэнтогтох,MN6713,Burentogtox,Khovsgol,Хөвсгөл,MN67
3.175235751,0.393525293,Bugat,Бугат,MN6310,,Bulgan,Булган,MN63
4.742247451,1.140468467,Bugat,Бугат,MN8213,,Govi-Altai,Говь-Алтай,MN82
3.378707333,0.250437527,Bugat,Бугат,MN8313,,Bayan-Olgii,Баян-Өлгий,MN83
4.1742112,0.847029984,Bulgan,Булган,MN2113,,Dornod,Дорнод,MN21
4.006114108,0.8395579,Bulgan,Булган,MN4610,,Omnogovi,Өмнөговь,MN46
0.514960253,0.011268745,Bulgan,Булган,MN6301,,Bulgan,Булган,MN63
3.201319046,0.375526866,Bulgan,Булган,MN6507,,Arxangai,Архангай,MN65
4.403652156,0.58432739,Bulgan,Булган,MN8316,,Bayan-Olgii,Баян-Өлгий,MN83
5.413523839,0.940209965,Bulgan,Булган,MN8407,,Khovd,Ховд,MN84
4.052047325,0.627352607,Buucagaan,Бууцагаан,MN6431,,Bayankhongor,Баянхонгор,MN64
2.557805272,0.223386778,Buyant,Буянт,MN8319,,Bayan-Olgii,Баян-Өлгий,MN83
4.523906465,0.438705747,Buyant,Буянт,MN8410,,Khovd,Ховд,MN84
4.081472467,0.787135286,Cagaan-Ovoo,Цагаан-Овоо,MN2134,,Dornod,Дорнод,MN21
5.866797139,1.12405841,Cagaan-U'ur,Цагаан-Үүр,MN6755,Cagaan-Uur,Khovsgol,Хөвсгөл,MN67
5.931645988,0.720901656,Cagaan-Uul,Цагаан-Уул,MN6752,,Khovsgol,Хөвсгөл,MN67
2.625357675,0.307275148,Cagaanchuluut,Цагаанчулуут,MN8158,,Zavkhan,Завхан,MN81
3.467108928,0.404312012,Cagaandelger,Цагаандэлгэр,MN4840,,Dundgovi,Дундговь,MN48
3.997600419,0.476461518,Cagaannuur,Цагааннуур,MN4346,,Selenge,Сэлэнгэ,MN43
6.71216463,0.730324794,Cagaannuur,Цагааннуур,MN6749,,Khovsgol,Хөвсгөл,MN67
3.372261697,0.312667571,Cagaanxairxan,Цагаанхайрхан,MN8155,,Zavkhan,Завхан,MN81
3.278791993,0.502082274,Cagaanxairxan,Цагаанхайрхан,MN8555,,Uvs,Увс,MN85
3.159344758,0.396852862,Caxir,Цахир,MN6543,,Arxangai,Архангай,MN65
3.011368985,0.40825679,Ceceg,Цэцэг,MN8443,,Khovd,Ховд,MN84
2.624444112,0.297587284,Cecen-Uul,Цэцэн-Уул,MN8161,,Zavkhan,Завхан,MN81
3.774048717,0.308992531,Cecerleg,Цэцэрлэг,MN6549,,Arxangai,Архангай,MN65
6.478048361,0.918984692,Cecerleg,Цэцэрлэг,MN6758,,Khovsgol,Хөвсгөл,MN67
2.365382039,0.198534301,Ceel,Цээл,MN4173,,To'v,Төв,MN41
3.509724604,0.644256122,Ceel,Цээл,MN8243,,Govi-Altai,Говь-Алтай,MN82
5.445459329,0.791376326,Cengel,Цэнгэл,MN8340,,Bayan-Olgii,Баян-Өлгий,MN83
3.826484055,0.382264283,Cenxer,Цэнхэр,MN6546,,Arxangai,Архангай,MN65
2.923491323,0.38239951,Cenxermandal,Цэнхэрмандал,MN2349,,Hentii,Хэнтий,MN23
3.113901565,0.530214473,Chandmani,Чандмань,MN8246,,Govi-Altai,Говь-Алтай,MN82
5.212451206,0.728447766,Chandmani,Чандмань,MN8446,,Khovd,Ховд,MN84
4.391504129,0.563463141,Chandmani-O'ndor,Чандмань-Өндөр,MN6761,Chandmani-Ondor,Khovsgol,Хөвсгөл,MN67
0.607182264,0.01085616,Chingeltei,Чингэлтэй,MN1125,,Ulaanbaatar,Улаанбаатар,MN11
6.503524649,1.241527804,Choibalsan,Чойбалсан,MN2137,,Dornod,Дорнод,MN21
5.482520546,0.800958695,Chuluunxoroot,Чулуунхороот,MN2140,,Dornod,Дорнод,MN21
3.299180029,0.469983447,Chuluut,Чулуут,MN6552,,Arxangai,Архангай,MN65
7.840332108,1.889849485,Cogt,Цогт,MN8240,,Govi-Altai,Говь-Алтай,MN82
3.71301901,0.81449857,Cogt-Cecii,Цогтцэций,MN4643,,Omnogovi,Өмнөговь,MN46
3.450772449,0.740278252,Cogt-Ovoo,Цогт-Овоо,MN4640,,Omnogovi,Өмнөговь,MN46
4.444347943,0.604845614,Dadal,Дадал,MN2328,,Hentii,Хэнтий,MN23
3.624166928,0.46760887,Dalanjargalan,Даланжаргалан,MN4410,,Dornogovi,Дорноговь,MN44
0.195746659,0.002585487,Dalanzadgad,Даланзадгад,MN4601,,Omnogovi,Өмнөговь,MN46
3.405476773,0.552896991,Dariganga,Дарьганга,MN2210,,Sukhbaatar,Сүхбаатар,MN22
3.776687531,0.658953141,Darvi,Дарви,MN8413,,Khovd,Ховд,MN84
3.339634222,0.409111406,Darvi,Дарив,MN8216,,Govi-Altai,Говь-Алтай,MN82
3.779261536,0.511311139,Darxan,Дархан,MN2331,,Hentii,Хэнтий,MN23
0.660905369,0.012678493,Darxan,Дархан,MN4501,,Darkhan-Uul,Дархан-Уул,MN45
5.096426784,1.093251199,Dashbalbar,Дашбалбар,MN2119,,Dornod,Дорнод,MN21
2.97269759,0.278119351,Dashinchilen,Дашинчилэн,MN6319,,Bulgan,Булган,MN63
6.278918584,0.661798736,Davst,Давст,MN8510,,Uvs,Увс,MN85
4.554467359,0.773184953,Delger,Дэлгэр,MN8219,,Govi-Altai,Говь-Алтай,MN82
2.273041735,0.291871797,Delgercogt,Дэлгэрцогт,MN4819,,Dundgovi,Дундговь,MN48
2.921524928,0.557284412,Delgerex,Дэлгэрэх,MN4413,,Dornogovi,Дорноговь,MN44
3.214581136,0.457003906,Delgerxaan,Дэлгэрхаан,MN2334,,Hentii,Хэнтий,MN23
2.140790153,0.254861515,Delgerxaan,Дэлгэрхаан,MN4146,,To'v,Төв,MN41
3.479948953,0.71052876,Delgerxangai,Дэлгэрхангай,MN4816,,Dundgovi,Дундговь,MN48
4.216440697,0.67537032,Delu'un,Дэлүүн,MN8322,Deluun,Bayan-Olgii,Баян-Өлгий,MN83
2.692929805,0.421901767,Deren,Дэрэн,MN4822,,Dundgovi,Дундговь,MN48
4.360382556,0.498295123,Do'rgon,Дөргөн,MN8416,Dorgon,Khovd,Ховд,MN84
6.346964003,0.87394625,Do'rvoljin,Дөрвөлжин,MN8116,Dorvoljin,Zavkhan,Завхан,MN81
2.407410853,0.255711227,Duut,Дуут,MN8419,,Khovd,Ховд,MN84
5.790221675,0.985622771,Erdene,Эрдэнэ,MN4176,,To'v,Төв,MN41
5.385601311,1.0794296,Erdene,Эрдэнэ,MN4440,,Dornogovi,Дорноговь,MN44
7.949446861,2.806018451,Erdene,Эрдэнэ,MN8252,,Govi-Altai,Говь-Алтай,MN82
3.034096718,0.335692731,Erdenebu'ren,Эрдэнэбүрэн,MN8449,Erdeneburen,Khovd,Ховд,MN84
0.423400556,0.007374479,Erdenebulgan,Эрдэнэбулган,MN6501,,Arxangai,Архангай,MN65
4.249130346,0.620311029,Erdenebulgan,Эрдэнэбулган,MN6767,,Khovsgol,Хөвсгөл,MN67
5.733376082,1.967995293,Erdenecagaan,Эрдэнэцагаан,MN2237,,Sukhbaatar,Сүхбаатар,MN22
3.054938456,0.474371316,Erdenecogt,Эрдэнэцогт,MN6458,,Bayankhongor,Баянхонгор,MN64
4.198714306,0.851041347,Erdenedalai,Эрдэнэдалай,MN4843,,Dundgovi,Дундговь,MN48
3.171565657,0.411138964,Erdenemandal,Эрдэнэмандал,MN6555,,Arxangai,Архангай,MN65
3.073832238,0.368929526,Erdenesant,Эрдэнэсант,MN4179,,To'v,Төв,MN41
3.749987471,0.504286805,Erdenexairxan,Эрдэнэхайрхан,MN8167,,Zavkhan,Завхан,MN81
3.992929013,0.781938509,Galshir,Галшар,MN2325,,Hentii,Хэнтий,MN23
3.603982401,0.425871723,Galt,Галт,MN6716,,Khovsgol,Хөвсгөл,MN67
3.949181236,0.591986478,Galuut,Галуут,MN6434,,Bayankhongor,Баянхонгор,MN64
2.18773112,0.314002302,Govi-Ugtaal,Говь-Угтаал,MN4810,,Dundgovi,Дундговь,MN48
3.463172998,0.546937231,Guchin-Us,Гучин-Ус,MN6222,,Ovorkhangai,Өвөрхангай,MN62
2.534860593,0.322636863,Gurvanbulag,Гурван булаг,MN6316,,Bulgan,Булган,MN63
3.20806064,0.525635,Gurvanbulag,Гурванбулаг,MN6437,,Bayankhongor,Баянхонгор,MN64
4.081767541,0.628561396,Gurvansaixan,Гурвансайхан,MN4813,,Dundgovi,Дундговь,MN48
7.983997847,3.101714855,Gurvantes,Гурвантэс,MN4613,,Omnogovi,Өмнөговь,MN46
3.835328811,0.649521807,Gurvanzagal,Гурванзагал,MN2116,,Dornod,Дорнод,MN21
0.781245629,0.034390305,Herlen,Хэрлэн,MN2101,,Dornod,Дорнод,MN21
3.007825384,0.448474985,Ider,Идэр,MN8122,,Zavkhan,Завхан,MN81
2.758645257,0.24926857,Ix-Uul,Их-Уул,MN6722,,Khovsgol,Хөвсгөл,MN67
3.217054429,0.46271676,Ix-Uul,Их-Уул,MN8125,,Zavkhan,Завхан,MN81
2.912585071,0.485882569,Ix xet,Иххэт,MN4419,,Dornogovi,Дорноговь,MN44
4.757682105,0.585171029,Ixtamir,Их тамир,MN6513,,Arxangai,Архангай,MN65
2.909742986,0.435725272,Jargalan,Жаргалан,MN8222,,Govi-Altai,Говь-Алтай,MN82
2.234279555,0.225677314,Jargalant,Жаргалант,MN4149,,To'v,Төв,MN41
1.210094255,0.069792045,Jargalant,Жаргалант,MN6104,,Orkhon,Орхон,MN61
4.2438,0.499146226,Jargalant,Жаргалант,MN6440,,Bayankhongor,Баянхонгор,MN64
3.029178301,0.346644429,Jargalant,Жаргалант,MN6510,,Arxangai,Архангай,MN65
2.366681894,0.322363173,Jargalant,Жаргалант,MN6719,,Khovsgol,Хөвсгөл,MN67
0.38803675,0.008598248,Jargalant,Жаргалант,MN8401,,Khovd,Ховд,MN84
2.755305152,0.340524443,Jargaltxaan,Жаргалтхаан,MN2337,,Hentii,Хэнтий,MN23
2.00594435,0.147705737,Javxlant,Жавхлант,MN4316,,Selenge,Сэлэнгэ,MN43
3.807889482,0.59361551,Jinst,Жинст,MN6443,,Bayankhongor,Баянхонгор,MN64
2.949134838,0.304373553,Lu'n,Лүн,MN4155,Lun,To'v,Төв,MN41
2.372763394,0.363987936,Luus,Луус,MN4825,,Dundgovi,Дундговь,MN48
3.262919959,0.49942804,Malchin,Малчин,MN8522,,Uvs,Увс,MN85
4.254670414,0.593151607,Mandal,Мандал,MN4322,,Selenge,Сэлэнгэ,MN43
3.832749062,0.73747145,Mandal-Ovoo,Мандал-Овоо,MN4616,,Omnogovi,Өмнөговь,MN46
4.836434525,1.426636968,Mandax,Мандах,MN4422,,Dornogovi,Дорноговь,MN44
5.07024547,1.390710121,Manlai,Манлай,MN4619,,Omnogovi,Өмнөговь,MN46
3.474795227,0.516507654,Manxan,Манхан,MN8425,,Khovd,Ховд,MN84
7.778761739,2.707282798,Matad,Матад,MN2122,,Dornod,Дорнод,MN21
4.203425038,0.81701122,Mo'ngonmorit,Мөнгөнморьт,MN4158,Mongonmorit,To'v,Төв,MN41
4.954895806,0.878485205,Mo'nxxaan,Мөнххаан,MN2213,Monxxaan,Sukhbaatar,Сүхбаатар,MN22
2.550302212,0.303455217,Mo'nxxairxan,Мөнххайрхан,MN8428,Monxxairxan,Khovd,Ховд,MN84
2.534269886,0.263423973,Mo'ron,Мөрөн,MN2340,Moron,Hentii,Хэнтий,MN23
0.537867934,0.012752485,Mo'ron,Мөрөн,MN6701,Moron,Khovsgol,Хөвсгөл,MN67
3.421605981,0.46880267,Mo'st,Мөст,MN8431,Most,Khovd,Ховд,MN84
2.815874359,0.342718859,Mogod,Могод,MN6322,,Bulgan,Булган,MN63
3.79560586,0.401948298,Myangad,Мянгад,MN8434,,Khovd,Ховд,MN84
1.411467439,0.082822992,Nalaix,Налайх,MN1113,,Ulaanbaatar,Улаанбаатар,MN11
2.975114156,0.384756567,Naran,Наран,MN2216,,Sukhbaatar,Сүхбаатар,MN22
3.705695852,0.64345043,Naranbulag,Наранбулаг,MN8525,,Uvs,Увс,MN85
2.374918773,0.311951849,Nariinteel,Нарийнтээл,MN6231,,Ovorkhangai,Өвөрхангай,MN62
2.575566039,0.401074771,No'mrog,Нөмрөг,MN8128,Nomrog,Zavkhan,Завхан,MN81
5.090783575,0.655160364,Nogoonnuur,Ногооннуур,MN8325,,Bayan-Olgii,Баян-Өлгий,MN83
5.815544772,2.019068401,Nomgon,Номгон,MN4625,,Omnogovi,Өмнөговь,MN46
3.783179355,0.667446896,Norovlin,Норовлин,MN2343,,Hentii,Хэнтий,MN23
4.108551012,1.161736595,Noyon,Ноён,MN4622,,Omnogovi,Өмнөговь,MN46
2.13492467,0.203362884,O'giinuur,Өгийнуур,MN6516,Ogiinuur,Arxangai,Архангай,MN65
0.526075332,0.012224462,O'lgii,Өлгий,MN8301,Olgii,Bayan-Olgii,Баян-Өлгий,MN83
2.832207227,0.292590716,O'lgii,Өлгий,MN8528,Olgii,Uvs,Увс,MN85
6.276845391,1.755838829,O'lziit,Өлзийт,MN4828,Olziit,Dundgovi,Дундговь,MN48
2.336142554,0.231548747,O'lziit,Өлзийт,MN6234,Olziit,Ovorkhangai,Өвөрхангай,MN62
3.49428857,0.458111961,O'lziit,Өлзийт,MN6449,Olziit,Bayankhongor,Баянхонгор,MN64
1.829855691,0.206870967,O'lziit,Өлзийт,MN6519,Olziit,Arxangai,Архангай,MN65
7.172860049,1.323846173,O'mnodelger,Өмнөдэлгэр,MN2346,Omnodelger,Hentii,Хэнтий,MN23
3.242714877,0.388110365,O'mnogovi,Өмнөгөвь,MN8531,Omnogovi,Uvs,Увс,MN85
3.967178122,0.525157138,O'ndor-Ulaan,Өндөр-Улаан,MN6522,Ondor-Ulaan,Arxangai,Архангай,MN65
3.057513788,0.555793208,O'ndorshil,Өндөршил,MN4831,Ondorshil,Dundgovi,Дундговь,MN48
2.65785371,0.312824886,O'ndorshireet,Өндөрширээт,MN4161,Ondorshireet,To'v,Төв,MN41
3.14369609,0.571488895,O'ndorxangai,Өндөрхангай,MN8534,Ondorxangai,Uvs,Увс,MN85
4.679505564,0.960865103,O'rgon,Өргөн,MN4425,Orgon,Dornogovi,Дорноговь,MN44
3.906216174,0.796036108,Ongon,Онгон,MN2219,,Sukhbaatar,Сүхбаатар,MN22
2.378359844,0.159986722,Orxon,Орхон,MN4325,,Selenge,Сэлэнгэ,MN43
1.749246209,0.055156707,Orxon,Орхон,MN4504,,Darkhan-Uul,Дархан-Уул,MN45
4.837419287,0.491146946,Orxon,Орхон,MN6325,,Bulgan,Булган,MN63
2.930498139,0.36180756,Orxontuul,Орхонтуул,MN4328,,Selenge,Сэлэнгэ,MN43
4.793839999,0.674442334,Otgon,Отгон,MN8131,,Zavkhan,Завхан,MN81
1.695598798,0.116628596,Rashaant,Рашаант,MN6328,,Bulgan,Булган,MN63
2.653010398,0.242273994,Rashaant,Рашаант,MN6725,,Khovsgol,Хөвсгөл,MN67
7.824882673,0.986859126,Renchinlxu'mbe,Рэнчинлхүмбэ,MN6728,Renchinlxumbe,Khovsgol,Хөвсгөл,MN67
4.033433355,0.49249892,Sagil,Сагил,MN8537,,Uvs,Увс,MN85
5.001581043,0.389134039,Sagsai,Сагсай,MN8328,,Bayan-Olgii,Баян-Өлгий,MN83
2.451229615,0.262521756,Sainshand,Сайншанд,MN4401,,Dornogovi,Дорноговь,MN44
3.067993142,0.387840134,Saintsagaan,Сайнцагаан,MN4801,,Dundgovi,Дундговь,MN48
2.566472853,0.161115039,Saixan,Сайхан,MN4331,,Selenge,Сэлэнгэ,MN43
2.966709942,0.330289196,Saixan,Сайхан,MN6331,,Bulgan,Булган,MN63
3.100974185,0.466512952,Saixan-Ovoo,Сайхан-Овоо,MN4834,,Dundgovi,Дундговь,MN48
4.409012594,1.085974588,Saixandulaan,Сайхандулаан,MN4428,,Dornogovi,Дорноговь,MN44
2.111655838,0.167912947,Sant,Сант,MN4334,,Selenge,Сэлэнгэ,MN43
2.714533881,0.30516744,Sant,Сант,MN6237,,Ovorkhangai,Өвөрхангай,MN62
2.69292085,0.292591933,Santmargac,Сантмаргац,MN8134,,Zavkhan,Завхан,MN81
4.477682267,0.6068444,Selenge,Сэлэнгэ,MN6334,,Bulgan,Булган,MN63
3.157232357,0.507697456,Sergelen,Сэргэлэн,MN2125,,Dornod,Дорнод,MN21
3.493358626,0.452870971,Sergelen,Сэргэлэн,MN4167,,To'v,Төв,MN41
3.894941792,0.91428936,Sevrei,Сэврэй,MN4628,,Omnogovi,Өмнөговь,MN46
1.343873683,0.083444381,Shaamar,Шаамар,MN4349,,Selenge,Сэлэнгэ,MN43
3.980901161,0.669510979,Sharga,Шарга,MN8249,,Govi-Altai,Говь-Алтай,MN82
0.452442316,0.01184064,Sharyngol,Шарын гол,MN4510,,Darkhan-Uul,Дархан-Уул,MN45
2.723376553,0.359455161,Shilu'ustei,Шилүүстэй,MN8164,Shiluustei,Zavkhan,Завхан,MN81
2.786396073,0.253979527,Shine-Ider,Шинэ-Идэр,MN6764,,Khovsgol,Хөвсгөл,MN67
7.392804293,1.836053784,Shinejinst,Шинэжинст,MN6455,,Bayankhongor,Баянхонгор,MN64
1.529776763,0.10474759,Shiveegovi,Шивээговь,MN4207,,Govisumber,Говьсүмбэр,MN42
2.368098995,0.298529955,Songino,Сонгино,MN8137,,Zavkhan,Завхан,MN81
1.745560868,0.145335306,Songinoxairxan,Сонгинохайрхан,MN1116,,Ulaanbaatar,Улаанбаатар,MN11
1.094459546,0.042692038,Su'mber,Сүмбэр,MN4164,Sumber,To'v,Төв,MN41
3.706011533,0.438824829,Su'mber,Сүмбэр,MN4201,Sumber,Govisumber,Говьсүмбэр,MN42
0.914996067,0.025737259,Su'xbaatar,Сүхбаатар,MN1119,Suxbaatar,Ulaanbaatar,Улаанбаатар,MN11
5.849724566,1.506392867,Su'xbaatar,Сүхбаатар,MN2222,Suxbaatar,Sukhbaatar,Сүхбаатар,MN22
0.441792639,0.006442151,Su'xbaatar,Сүхбаатар,MN4301,Suxbaatar,Selenge,Сэлэнгэ,MN43
3.030552379,0.439171544,Taishir,Тайшир,MN8225,,Govi-Altai,Говь-Алтай,MN82
3.364342306,0.409140633,Taragt,Тарагт,MN6240,,Ovorkhangai,Өвөрхангай,MN62
3.370925894,0.426795719,Tarialan,Тариалан,MN6731,,Khovsgol,Хөвсгөл,MN67
3.793141404,0.475307119,Tarialan,Тариалан,MN8540,,Uvs,Увс,MN85
4.429843569,0.492161914,Tariat,Тариат,MN6525,,Arxangai,Архангай,MN65
3.388523223,0.423350086,Telmen,Тэлмэн,MN8146,,Zavkhan,Завхан,MN81
1.732807179,0.114712344,Tes,Тэс,MN8149,,Zavkhan,Завхан,MN81
4.960671153,0.397425648,Tes,Тэс,MN8546,,Uvs,Увс,MN85
5.178729332,0.971340147,Teshig,Тэшиг,MN6337,,Bulgan,Булган,MN63
3.460903413,0.62470728,To'grog,Төгрөг,MN6243,Togrog,Ovorkhangai,Өвөрхангай,MN62
3.690895527,0.625692385,To'grog,Төгрөг,MN8231,Togrog,Govi-Altai,Говь-Алтай,MN82
2.97339816,0.311075148,To'morbulag,Төмөрбулаг,MN6737,Tomorbulag,Khovsgol,Хөвсгөл,MN67
2.194405449,0.142501783,To'vshru'ulex,Төвшрүүлэх,MN6528,Tovshruulex,Arxangai,Архангай,MN65
3.186878825,0.360862714,Tolbo,Толбо,MN8331,,Bayan-Olgii,Баян-Өлгий,MN83
5.43152695,0.876071999,Tonkhil,Тонхил,MN8228,,Govi-Altai,Говь-Алтай,MN82
2.305531639,0.25593593,Tosoncengel,Тосонцэнгэл,MN6734,,Khovsgol,Хөвсгөл,MN67
4.064188139,0.645194611,Tosoncengel,Тосонцэнгэл,MN8140,,Zavkhan,Завхан,MN81
3.120997089,0.327783848,Tu'devtei,Түдэвтэй,MN8143,Tudevtei,Zavkhan,Завхан,MN81
2.223439026,0.255111372,Tu'mencogt,Түмэнцогт,MN2228,Tumencogt,Sukhbaatar,Сүхбаатар,MN22
3.853167481,0.444898029,Tu'nel,Түнэл,MN6740,Tunel,Khovsgol,Хөвсгөл,MN67
2.647185135,0.264017884,Tu'rgen,Түргэн,MN8543,Turgen,Uvs,Увс,MN85
4.239257171,0.323544397,Tu'shig,Түшиг,MN4337,Tushig,Selenge,Сэлэнгэ,MN43
3.117300489,0.513911561,Tu'vshinshiree,Түвшинширээ,MN2225,Tuvshinshiree,Sukhbaatar,Сүхбаатар,MN22
5.657080022,0.858230837,U'yench,Үенч,MN8437,Uyench,Khovd,Ховд,MN84
2.133020563,0.187453891,Ugtaalcaidam,Угтаалцайдам,MN4170,,To'v,Төв,MN41
6.511347085,1.286695463,Ulaan uul,Улаан-Уул,MN6743,,Khovsgol,Хөвсгөл,MN67
6.270113585,1.306034435,Ulaanbadrax,Улаанбадрах,MN4431,,Dornogovi,Дорноговь,MN44
2.430005935,0.161084617,Ulaangom,Улаангом,MN8501,,Uvs,Увс,MN85
8.633918067,0.739727184,Ulaanxus,Улаанхус,MN8334,,Bayan-Olgii,Баян-Өлгий,MN83
0.291096755,0.00519081,Uliastai,Улиастай,MN8101,,Zavkhan,Завхан,MN81
2.835311781,0.426506872,Urgamal,Ургамал,MN8152,,Zavkhan,Завхан,MN81
3.262769151,0.581132423,Uulbayan,Уулбаян,MN2231,,Sukhbaatar,Сүхбаатар,MN22
3.18230506,0.356463531,Uyanga,Уянга,MN6246,,Ovorkhangai,Өвөрхангай,MN62
2.733752871,0.317851004,Xairxan,Хайрхан,MN6531,,Arxangai,Архангай,MN65
3.05457695,0.478116527,Xairxandulaan,Хайрхандулаан,MN6249,,Ovorkhangai,Өвөрхангай,MN62
4.11119925,0.599861673,Xaliun,Халиун,MN8234,,Govi-Altai,Говь-Алтай,MN82
10.57817507,3.3252363,Xalx gol,Халхгол,MN2128,,Dornod,Дорнод,MN21
2.680775793,0.443883828,Xalzan,Халзан,MN2234,,Sukhbaatar,Сүхбаатар,MN22
1.240753181,0.06038945,Xan-Uul,Хан-Уул,MN1122,,Ulaanbaatar,Улаанбаатар,MN11
5.326559329,1.649851071,Xanbogd,Ханбогд,MN4631,,Omnogovi,Өмнөговь,MN46
3.637631853,0.466782207,Xangai,Хангай,MN6534,,Arxangai,Архангай,MN65
2.32811534,0.199332071,Xangal,Хангал,MN6340,,Bulgan,Булган,MN63
6.207521372,0.808055037,Xanx,Ханх,MN6746,,Khovsgol,Хөвсгөл,MN67
4.732816833,1.153370274,Xanxongor,Ханхонгор,MN4634,,Omnogovi,Өмнөговь,MN46
2.73964991,0.272844695,Xarxorin,Хархорин,MN6252,,Ovorkhangai,Өвөрхангай,MN62
2.76456539,0.309291134,Xashaat,Хашаат,MN6537,,Arxangai,Архангай,MN65
6.484884866,2.060305496,Xatanbulag,Хатанбулаг,MN4434,,Dornogovi,Дорноговь,MN44
4.139005853,0.451474372,Xerlen,Хэрлэн,MN2301,,Hentii,Хэнтий,MN23
2.985186713,0.295146049,Xishig-O'ndor,Хишиг-өндөр,MN6343,Xishig-Ondor,Bulgan,Булган,MN63
3.399755495,0.456622512,Xo'lonbuir,Хөлөнбуйр,MN2131,Xolonbuir,Dornod,Дорнод,MN21
5.051760969,0.934735684,Xo'vsgol,Хөвсгөл,MN4437,Xovsgol,Dornogovi,Дорноговь,MN44
4.071027185,0.749941639,Xo'xmorit,Хөхморьт,MN8237,Xoxmorit,Govi-Altai,Говь-Алтай,MN82
3.695962048,0.32483854,Xongor,Хонгор,MN4507,,Darkhan-Uul,Дархан-Уул,MN45
2.802428244,0.278144087,Xotont,Хотонт,MN6540,,Arxangai,Архангай,MN65
3.277940937,0.34357165,Xovd,Ховд,MN8440,,Khovd,Ховд,MN84
2.699252461,0.356447382,Xovd,Ховд,MN8549,,Uvs,Увс,MN85
2.970663635,0.333689726,Xu'der,Хүдэр,MN4340,Xuder,Selenge,Сэлэнгэ,MN43
3.620421656,0.509018954,Xu'reemaral,Хүрээмарал,MN6452,Xureemaral,Bayankhongor,Баянхонгор,MN64
5.286621169,1.385200021,Xu'rmen,Хүрмэн,MN4637,Xurmen,Omnogovi,Өмнөговь,MN46
2.468314257,0.200161817,Xujirt,Хужирт,MN6255,,Ovorkhangai,Өвөрхангай,MN62
3.81760824,0.693865666,Xuld,Хулд,MN4837,,Dundgovi,Дундговь,MN48
2.983541848,0.250744856,Xushaat,Хушаат,MN4343,,Selenge,Сэлэнгэ,MN43
4.608190473,0.695700919,Xutag-O'ndor,Хутаг-Өндөр,MN6346,Xutag-Ondor,Bulgan,Булган,MN63
2.899606346,0.401358719,Xyargas,Хяргас,MN8552,,Uvs,Увс,MN85
4.809166097,0.598509046,Yaruu,Яруу,MN8170,,Zavkhan,Завхан,MN81
5.975201834,1.030927335,Yero'o,Ерөө,MN4313,Yeroo,Selenge,Сэлэнгэ,MN43
3.682050222,0.271758866,Yeso'nbulag,Есөнбулаг,MN8201,Yesonbulag,Govi-Altai,Говь-Алтай,MN82
2.571957316,0.261530266,Yeso'nzu'il,Есөн зүйл,MN6225,Yesonzuil,Ovorkhangai,Өвөрхангай,MN62
3.426943464,0.341932566,Zaamar,Заамар,MN4152,,To'v,Төв,MN41
2.711733094,0.301127683,Zag,Заг,MN6446,,Bayankhongor,Баянхонгор,MN64
0.9132108,0.054021428,Zamyn U'ud,Замын-Үүд,MN4416,Zamyn Uud,Dornogovi,Дорноговь,MN44
4.694181177,0.848019397,Zavxan,Завхан,MN8513,,Uvs,Увс,MN85
2.989164464,0.435356088,Zavxanmandal,Завханмандал,MN8119,,Zavkhan,Завхан,MN81
2.384593788,0.298608524,Zereg,Зэрэг,MN8422,,Khovd,Ховд,MN84
2.837895137,0.294083802,Zu'unbayan-Ulaan,Зүүнбаян-Улаан,MN6228,Zuunbayan-Ulaan,Ovorkhangai,Өвөрхангай,MN62
2.501178782,0.149078077,Zu'unburen,Зүүнбүрэн,MN4319,Zuunburen,Selenge,Сэлэнгэ,MN43
3.575252722,0.503533482,Zu'ungovi,Зүүнговь,MN8516,Zuungovi,Uvs,Увс,MN85
2.960535289,0.328477769,Zu'unxangai,Зүүнхангай,MN8519,Zuunxangai,Uvs,Увс,MN85
0.179848412,0.00231845,Zuunmod,Зуунмод,MN4101,,To'v,Төв,MN41
